dataset,fluence_ratio,t_ps,y_exp,sigma,y_fit_raw,y_fit,residual_raw,residual,offset_mask,offset_pre0,offset_npts,offset_apply_to,u_m_chi2q,u_raw_m_chi2q,m,eta,phi,chi2q,Te,Ts,Tl,A_obs,B_obs,readout_source,dt_i_ps,sigma_irf_ps,y_column
deltak12k_1p0mW.csv,1.0,-16.0,0.040743009,,0.039229896873926196,0.040930363335947365,-0.0015131121260738012,0.00018735433594736783,1,0.0017004664620211708,4,pre0_only,0.2984414666006549,0.2984414666006549,0.8377808090603992,0.9343988441503965,0.18211428560454088,0.3562285783740589,4.471849739551544,4.471849739551544,4.471849739551544,0.15,-0.005536323116172037,json_best_local_params,0.5146593205424301,0.2,delta_k
deltak12k_1p0mW.csv,1.0,-11.0,0.041213691,,0.0392304250025765,0.04093089146459767,-0.001983265997423496,-0.0002827995354023269,1,0.0017004664620211708,4,pre0_only,0.2984449874583236,0.2984449874583236,0.8377898309585822,0.934398704449371,0.18211448168784544,0.3562289448140578,4.468252727412271,4.468977000764362,4.467657055698984,0.15,-0.005536323116172037,json_best_local_params,0.5146593205424301,0.2,delta_k
deltak12k_1p0mW.csv,1.0,-6.0,0.040926093,,0.03923190524688214,0.040932371708903306,-0.0016941877531178595,6.2787089033095045e-06,1,0.0017004664620211708,4,pre0_only,0.2984548557536945,0.2984548557536945,0.8378149673836834,0.9343982885549679,0.18211506543289535,0.3562300357150518,4.46539730426026,4.466119803059617,4.464801147025327,0.15,-0.005536323116172037,json_best_local_params,0.5146593205424301,0.2,delta_k
deltak12k_1p0mW.csv,1.0,-1.0,0.040845498,,0.039234198028530475,0.040934664490551644,-0.0016112999714695264,8.916649055164261e-05,1,0.0017004664620211708,4,pre0_only,0.29847014096468344,0.29847014096468344,0.8378536376110007,0.9343976016029024,0.18211602962774023,0.3562318375984152,4.462562854572046,4.463280014935312,4.461971556009933,0.15,-0.005536323116172037,json_best_local_params,0.5146593205424301,0.2,delta_k
deltak12k_1p0mW.csv,1.0,4.0,0.040111646,,0.03899982422491422,0.03899982422491422,-0.0011118217750857792,-0.0011118217750857792,0,0.0017004664620211708,4,pre0_only,0.2969076489405751,0.2969076489405751,0.8338329038076622,0.9344571064972967,0.1820324914230899,0.356075716830985,176.44371724064592,6.0890164093919275,21.653738337450257,0.15,-0.005536323116172037,json_best_local_params,0.5146593205424301,0.2,delta_k
deltak12k_1p0mW.csv,1.0,9.0,0.037312835,,0.03817198488099505,0.03817198488099505,0.0008591498809950443,0.0008591498809950443,0,0.0017004664620211708,4,pre0_only,0.29138871998111393,0.29138871998111393,0.8196542058218573,0.9346755152913814,0.18172555547199587,0.35550201281397925,52.36243246478945,7.1661637169893675,24.04860764899224,0.15,-0.005536323116172037,json_best_local_params,0.5146593205424301,0.2,delta_k
deltak12k_1p0mW.csv,1.0,14.0,0.036486074,,0.03724894004003124,0.03724894004003124,0.0007628660400312431,0.0007628660400312431,0,0.0017004664620211708,4,pre0_only,0.2852350877080219,0.2852350877080219,0.8039360064417015,0.9349428871481833,0.18134913459986543,0.35479824939114246,12.999892804265247,7.336599321088509,23.352755589239962,0.15,-0.005536323116172037,json_best_local_params,0.5146593205424301,0.2,delta_k
deltak12k_1p0mW.csv,1.0,19.0,0.036657527,,0.03642082681440832,0.03642082681440832,-0.00023670018559168032,-0.00023670018559168032,0,0.0017004664620211708,4,pre0_only,0.27971433287053576,0.27971433287053576,0.7899728829450225,0.9352147855906199,0.1809655735684467,0.354080929750094,12.784073461597115,7.409798154494063,22.368295170060602,0.15,-0.005536323116172037,json_best_local_params,0.5146593205424301,0.2,delta_k
deltak12k_1p0mW.csv,1.0,24.0,0.034626156,,0.03568200863716625,0.03568200863716625,0.0010558526371662533,0.0010558526371662533,0,0.0017004664620211708,4,pre0_only,0.27478887835558863,0.27478887835558863,0.7776540422255744,0.9354888534557609,0.18057816408799077,0.3533562013889468,12.558125715597226,7.475670136628658,21.374192749760848,0.15,-0.005536323116172037,json_best_local_params,0.5146593205424301,0.2,delta_k
deltak12k_1p0mW.csv,1.0,29.0,0.034941703,,0.0350215104737813,0.0350215104737813,7.98074737813001e-05,7.98074737813001e-05,0,0.0017004664620211708,4,pre0_only,0.2703855572663556,0.2703855572663556,0.7667771346593227,0.9357643405341045,0.1801879459463738,0.3526260044080308,12.301458880323992,7.5343759456158645,20.366470884442467,0.15,-0.005536323116172037,json_best_local_params,0.5146593205424301,0.2,delta_k
deltak12k_1p0mW.csv,1.0,34.0,0.033139035,,0.034430043524235655,0.034430043524235655,0.001291008524235658,0.001291008524235658,0,0.0017004664620211708,4,pre0_only,0.2664424442693846,0.2664424442693846,0.7571706221806456,0.9360405289870315,0.1797959213928896,0.3518922109022567,12.014970325162341,7.586013854480278,19.340587014351982,0.15,-0.005536323116172037,json_best_local_params,0.5146593205424301,0.2,delta_k
deltak12k_1p0mW.csv,1.0,39.0,0.03381598,,0.03389975937206432,0.03389975937206432,8.377937206431596e-05,8.377937206431596e-05,0,0.0017004664620211708,4,pre0_only,0.2629072165882424,0.2629072165882424,0.7486892985575295,0.9363167284437304,0.17940306185954355,0.3511566374660029,11.698985616285574,7.630639371530862,18.291488863948505,0.15,-0.005536323116172037,json_best_local_params,0.5146593205424301,0.2,delta_k
deltak12k_1p0mW.csv,1.0,44.0,0.033201665,,0.0334240415014361,0.0334240415014361,0.00022237650143610427,0.00022237650143610427,0,0.0017004664620211708,4,pre0_only,0.25973576411738764,0.25973576411738764,0.7412104919027789,0.9365922713381335,0.17901031436719325,0.350421057115117,11.353320210977024,7.668264829180212,17.2137012352041,0.15,-0.005536323116172037,json_best_local_params,0.5146593205424301,0.2,delta_k
deltak12k_1p0mW.csv,1.0,49.0,0.032890558,,0.032997329049897814,0.032997329049897814,0.00010677104989781361,0.00010677104989781361,0,0.0017004664620211708,4,pre0_only,0.2568910144404657,0.2568910144404657,0.7346308538890113,0.9368665083324235,0.17861860783730635,0.3496872110401138,10.97743575938438,7.698859766776901,16.10166130807168,0.15,-0.005536323116172037,json_best_local_params,0.5146593205424301,0.2,delta_k
deltak12k_1p0mW.csv,1.0,54.0,0.032440767,,0.03261496708797065,0.03261496708797065,0.00017420008797065095,0.00017420008797065095,0,0.0017004664620211708,4,pre0_only,0.2543419346942846,0.2543419346942846,0.7288636309615895,0.9371388039920133,0.17822885907570468,0.34895681975341725,10.570815892096284,7.7223542848104785,14.950625791851705,0.15,-0.005536323116172037,json_best_local_params,0.5146593205424301,0.2,delta_k
deltak12k_1p0mW.csv,1.0,59.0,0.031642109,,0.03227307717331375,0.03227307717331375,0.0006309681733137479,0.0006309681733137479,0,0.0017004664620211708,4,pre0_only,0.25206266859657195,0.25206266859657195,0.7238363035535305,0.9374085331808915,0.17784197775247396,0.34823159236296986,10.133842559025068,7.738650324453976,13.758874898353632,0.15,-0.005536323116172037,json_best_local_params,0.5146593205424301,0.2,delta_k
deltak12k_1p0mW.csv,1.0,64.0,0.031112671,,0.03196843973454831,0.03196843973454831,0.0008557687345483109,0.0008557687345483109,0,0.0017004664620211708,4,pre0_only,0.2500317523381357,0.2500317523381357,0.7194884400001492,0.9376750793262817,0.17745886871096964,0.3475132308422965,9.669783606610368,7.7476519081377235,12.532751838568373,0.15,-0.005536323116172037,json_best_local_params,0.5146593205424301,0.2,delta_k
deltak12k_1p0mW.csv,1.0,69.0,0.031917796,,0.03169837437297164,0.03169837437297164,-0.0002194216270283572,-0.0002194216270283572,0,0.0017004664620211708,4,pre0_only,0.2482313165942912,0.2482313165942912,0.7157695130512142,0.937937837165918,0.17708042779937494,0.34680342214649473,9.189025749313151,7.74933748260393,11.29731611143576,0.15,-0.005536323116172037,json_best_local_params,0.5146593205424301,0.2,delta_k
deltak12k_1p0mW.csv,1.0,74.0,0.031831533,,0.03146059352144045,0.03146059352144045,-0.0003709394785595538,-0.0003709394785595538,0,0.0017004664620211708,4,pre0_only,0.2466461109174166,0.2466461109174166,0.71263623372824,0.9381962253644797,0.17670752335117904,0.3461038033767362,8.716557811513319,7.743913841353371,10.114617821176653,0.15,-0.005536323116172037,json_best_local_params,0.5146593205424301,0.2,delta_k
deltak12k_1p0mW.csv,1.0,79.0,0.0316194,,0.03125299387807348,0.03125299387807348,-0.00036640612192651717,-0.00036640612192651717,0,0.0017004664620211708,4,pre0_only,0.24526211329497014,0.24526211329497014,0.7100487561992365,0.9384497175885584,0.17634095068492434,0.3454158762389983,8.298387578818122,7.732074459604849,9.097083801142025,0.15,-0.005536323116172037,json_best_local_params,0.5146593205424301,0.2,delta_k
deltak12k_1p0mW.csv,1.0,84.0,0.03131637,,0.031073375133251053,0.031073375133251053,-0.00024299486674895024,-0.00024299486674895024,0,0.0017004664620211708,4,pre0_only,0.24406465499615396,0.24406465499615396,0.7079655600544214,0.9386978962621711,0.17598135314655983,0.34474085854881514,7.987237111374951,7.715214360766324,8.366290240164705,0.15,-0.005536323116172037,json_best_local_params,0.5146593205424301,0.2,delta_k
deltak12k_1p0mW.csv,1.0,89.0,0.031111538,,0.03091919853625868,0.03091919853625868,-0.00019233946374131936,-0.00019233946374131936,0,0.0017004664620211708,4,pre0_only,0.24303681101620478,0.24303681101620478,0.7063390502272184,0.9389405063731947,0.17562914217294254,0.3440795336715754,7.798912220604462,7.695189879470305,7.9456254142638185,0.15,-0.005536323116172037,json_best_local_params,0.5146593205424301,0.2,delta_k
deltak12k_1p0mW.csv,1.0,94.0,0.031824484,,0.030787595898494845,0.030787595898494845,-0.0010368881015051547,-0.0010368881015051547,0,0.0017004664620211708,4,pre0_only,0.24215946009777922,0.24215946009777922,0.7051157082801169,0.9391774610807009,0.17528448669117927,0.34343222999306383,7.699573271655662,7.673614791109432,7.741458249021331,0.15,-0.005536323116172037,json_best_local_params,0.5146593205424301,0.2,delta_k
deltak12k_1p0mW.csv,1.0,99.0,0.031169221,,0.030675625558449954,0.030675625558449954,-0.000493595441550046,-0.000493595441550046,0,0.0017004664620211708,4,pre0_only,0.2414129911641466,0.2414129911641466,0.7042407484296002,0.9394087916759346,0.17494738369698185,0.3427989529184132,7.646149297961481,7.651453015703702,7.646473280875682,0.15,-0.005536323116172037,json_best_local_params,0.5146593205424301,0.2,delta_k
deltak12k_1p0mW.csv,1.0,104.0,0.03067337,,0.03058053085278212,0.03058053085278212,-9.283914721787759e-05,-9.283914721787759e-05,0,0.0017004664620211708,4,pre0_only,0.2407790264596944,0.2407790264596944,0.7036628342364966,0.9396345890407002,0.17461774217070528,0.3421795421680181,7.612236226967534,7.6291489832382355,7.597229821772439,0.15,-0.005536323116172037,json_best_local_params,0.5146593205424301,0.2,delta_k
deltak12k_2p0mW.csv,2.0,-16.0,0.040924961,,0.03790004249692111,0.04111293291555434,-0.0030249185030788925,0.0001879719155543358,1,0.0032128904186332265,4,pre0_only,0.28900997103981213,0.28900997103981213,0.825627528053666,0.9367314444138454,0.17881162906832723,0.35004885522788237,4.775087773799896,4.775087773799896,4.775087773799896,0.10395531901768315,0.007855918758186071,json_best_local_params,0.5146593205424301,0.2,delta_k
deltak12k_2p0mW.csv,2.0,-11.0,0.041397745,,0.03790064074015387,0.041113531158787096,-0.0034971042598461316,-0.00028421384121290333,1,0.0032128904186332265,4,pre0_only,0.28901572585099844,0.28901572585099844,0.8256425689580112,0.9367312227447878,0.1788119456939445,0.3500494484141558,4.768989770110864,4.770367321534593,4.767795898987748,0.10395531901768315,0.007855918758186071,json_best_local_params,0.5146593205424301,0.2,delta_k
deltak12k_2p0mW.csv,2.0,-6.0,0.041108863,,0.03790231755615266,0.04111520797478589,-0.003206545443847339,6.344974785889301e-06,1,0.0032128904186332265,4,pre0_only,0.28903185601167364,0.28903185601167364,0.8256844816140182,0.9367305625757185,0.17881288865701217,0.35005121501942804,4.764288205869551,4.765671217321582,4.763080234086871,0.10395531901768315,0.007855918758186071,json_best_local_params,0.5146593205424301,0.2,delta_k
deltak12k_2p0mW.csv,2.0,-1.0,0.041027908,,0.03790491453223946,0.04111780495087269,-0.003122993467760543,8.989695087268518e-05,1,0.0032128904186332265,4,pre0_only,0.28905683766832513,0.28905683766832513,0.8257489620651131,0.9367294718303946,0.17881444663014548,0.350054133819828,4.759631795523147,4.7610037157894665,4.7584346612946575,0.10395531901768315,0.007855918758186071,json_best_local_params,0.5146593205424301,0.2,delta_k
deltak12k_2p0mW.csv,2.0,4.0,0.036181713,,0.03767296051654631,0.03767296051654631,0.0014912475165463138,0.0014912475165463138,0,0.0032128904186332265,4,pre0_only,0.2868255519786175,0.2868255519786175,0.8198847363584173,0.9368107972562129,0.17869824928550396,0.3498364334145014,288.8665910037889,7.116317988096695,24.27388823888053,0.10395531901768315,0.007855918758186071,json_best_local_params,0.5146593205424301,0.2,delta_k
deltak12k_2p0mW.csv,2.0,9.0,0.035139342,,0.03675469445744089,0.03675469445744089,0.0016153524574408912,0.0016153524574408912,0,0.0032128904186332265,4,pre0_only,0.277992275646223,0.277992275646223,0.7966171625173355,0.9371353991442598,0.17823373762077474,0.34896596348459097,157.30910612864028,9.171124267623345,28.31783722232603,0.10395531901768315,0.007855918758186071,json_best_local_params,0.5146593205424301,0.2,delta_k
deltak12k_2p0mW.csv,2.0,14.0,0.03343314,,0.03553417944044265,0.03553417944044265,0.0021010394404426466,0.0021010394404426466,0,0.0032128904186332265,4,pre0_only,0.2662515102045756,0.2662515102045756,0.7656824134201575,0.9375943433249138,0.17757499481110797,0.3477309985680366,48.858185237295416,10.002435036626956,29.04850744126008,0.10395531901768315,0.007855918758186071,json_best_local_params,0.5146593205424301,0.2,delta_k
deltak12k_2p0mW.csv,2.0,19.0,0.034491936,,0.034352205768777656,0.034352205768777656,-0.00013973023122234446,-0.00013973023122234446,0,0.0032128904186332265,4,pre0_only,0.2548814939049389,0.2548814939049389,0.735899589933388,0.9381040258666873,0.17684067160387004,0.34635362947818765,17.2674085021504,10.146672809642132,28.31871734519963,0.10395531901768315,0.007855918758186071,json_best_local_params,0.5146593205424301,0.2,delta_k
deltak12k_2p0mW.csv,2.0,24.0,0.03245922,,0.03331361314371918,0.03331361314371918,0.0008543931437191843,0.0008543931437191843,0,0.0032128904186332265,4,pre0_only,0.24489073407780768,0.24489073407780768,0.709931008512466,0.9386210447944198,0.17609278200102346,0.34495004604874574,17.092147242248792,10.214207529635807,27.443464563966543,0.10395531901768315,0.007855918758186071,json_best_local_params,0.5146593205424301,0.2,delta_k
deltak12k_2p0mW.csv,2.0,29.0,0.033152785,,0.03240291347679418,0.03240291347679418,-0.0007498715232058181,-0.0007498715232058181,0,0.0032128904186332265,4,pre0_only,0.23613024278663974,0.23613024278663974,0.6873703606185029,0.9391428194584688,0.17533491417401115,0.34352694895684377,16.994809305238878,10.274796820364562,26.57892537630011,0.10395531901768315,0.007855918758186071,json_best_local_params,0.5146593205424301,0.2,delta_k
deltak12k_2p0mW.csv,2.0,34.0,0.032936288,,0.031602139449282765,0.031602139449282765,-0.001334148550717236,-0.001334148550717236,0,0.0032128904186332265,4,pre0_only,0.22842718309639726,0.22842718309639726,0.6677513096390942,0.939669297844557,0.1745670178653133,0.34208421578365367,16.85363852720699,10.328927239851561,25.724137661614453,0.10395531901768315,0.007855918758186071,json_best_local_params,0.5146593205424301,0.2,delta_k
deltak12k_2p0mW.csv,2.0,39.0,0.032739429,,0.030896071869916282,0.030896071869916282,-0.0018433571300837184,-0.0018433571300837184,0,0.0032128904186332265,4,pre0_only,0.22163515373187398,0.22163515373187398,0.6506770325597341,0.9402001915663175,0.1737893871453947,0.34062237122458633,16.67377574733347,10.37689870206667,24.877817010617935,0.10395531901768315,0.007855918758186071,json_best_local_params,0.5146593205424301,0.2,delta_k
deltak12k_2p0mW.csv,2.0,44.0,0.030448519,,0.030271839830598737,0.030271839830598737,-0.00017667916940126288,-0.00017667916940126288,0,0.0032128904186332265,4,pre0_only,0.21563034276870088,0.21563034276870088,0.6358099475319616,0.9407349179534332,0.17300275327822628,0.3391427636603017,16.45997798034359,10.418971986442994,24.038737005566,0.10395531901768315,0.007855918758186071,json_best_local_params,0.5146593205424301,0.2,delta_k
deltak12k_2p0mW.csv,2.0,49.0,0.031820517,,0.029718573273634502,0.029718573273634502,-0.0021019437263654975,-0.0021019437263654975,0,0.0032128904186332265,4,pre0_only,0.21030818549774757,0.21030818549774757,0.6228628248251145,0.941272567667724,0.17220834252802805,0.33764767636725995,16.21648485292568,10.455373420656557,23.205743064606537,0.10395531901768315,0.007855918758186071,json_best_local_params,0.5146593205424301,0.2,delta_k
deltak12k_2p0mW.csv,2.0,54.0,0.028680113,,0.029227105764173103,0.029227105764173103,0.0005469927641731029,0.0005469927641731029,0,0.0032128904186332265,4,pre0_only,0.20558050523948393,0.20558050523948393,0.6115912340466222,0.9418118973368934,0.1714078985978053,0.3361403725152351,15.947034276020483,10.48629940581846,22.37777802609895,0.10395531901768315,0.007855918758186071,json_best_local_params,0.5146593205424301,0.2,delta_k
deltak12k_2p0mW.csv,2.0,59.0,0.0276839,,0.02878971898097154,0.02878971898097154,0.001105818980971538,0.001105818980971538,0,0.0032128904186332265,4,pre0_only,0.2013730554684225,0.2013730554684225,0.601787120826026,0.9423513488665736,0.17060366602736032,0.33462506673790804,15.654907983332025,10.511920818648836,21.55391528854776,0.10395531901768315,0.007855918758186071,json_best_local_params,0.5146593205424301,0.2,delta_k
deltak12k_2p0mW.csv,2.0,64.0,0.028148462,,0.028399922021132548,0.028399922021132548,0.00025146002113254906,0.00025146002113254906,0,0.0032128904186332265,4,pre0_only,0.19762339683120855,0.19762339683120855,0.5932733385796882,0.9428890945617173,0.16979833444538342,0.3331068227409715,15.342999645006559,10.532387285491945,20.733413909470222,0.10395531901768315,0.007855918758186071,json_best_local_params,0.5146593205424301,0.2,delta_k
deltak12k_2p0mW.csv,2.0,69.0,0.0281234,,0.02805225999265562,0.02805225999265562,-7.114000734437936e-05,-7.114000734437936e-05,0,0.0032128904186332265,4,pre0_only,0.19427905589933386,0.19427905589933386,0.5858989878067357,0.9434231046858333,0.16899494727765252,0.3315913833997246,15.013901473794164,10.547831405245402,19.91579452193339,0.10395531901768315,0.007855918758186071,json_best_local_params,0.5146593205424301,0.2,delta_k
deltak12k_2p0mW.csv,2.0,74.0,0.026934917,,0.027742147529839008,0.027742147529839008,0.0008072305298390085,0.0008072305298390085,0,0.0032128904186332265,4,pre0_only,0.19129592366765014,0.19129592366765014,0.5795354373813018,0.9439512319466941,0.1681967818830539,0.33008494619767,14.670010536524826,10.558373068618423,19.100952857148588,0.10395531901768315,0.007855918758186071,json_best_local_params,0.5146593205424301,0.2,delta_k
deltak12k_2p0mW.csv,2.0,79.0,0.027149889,,0.027465723801662588,0.027465723801662588,0.00031583480166258796,0.00031583480166258796,0,0.0032128904186332265,4,pre0_only,0.18863686080498512,0.18863686080498512,0.5740729202224423,0.9444713058976102,0.167407210691602,0.3285939018546493,14.313656698197931,10.564124096138114,18.289319849762585,0.10395531901768315,0.007855918758186071,json_best_local_params,0.5146593205424301,0.2,delta_k
deltak12k_2p0mW.csv,2.0,84.0,0.02622088,,0.027219726291147966,0.027219726291147966,0.000998846291147968,0.000998846291147968,0,0.0032128904186332265,4,pre0_only,0.18627048347250078,0.18627048347250078,0.5694176101664328,0.9449812295537534,0.16662955444833624,0.3271245569979062,13.947258170550962,10.565193497945508,17.482082662306357,0.10395531901768315,0.007855918758186071,json_best_local_params,0.5146593205424301,0.2,delta_k
deltak12k_2p0mW.csv,2.0,89.0,0.026272153,,0.027001381115095986,0.027001381115095986,0.0007292281150959867,0.0007292281150959867,0,0.0032128904186332265,4,pre0_only,0.18417010825250038,0.18417010825250038,0.5654890983752024,0.9454790706808653,0.165866938988162,0.3256828624666136,13.573510615823778,10.56169373328864,16.681480539376153,0.10395531901768315,0.007855918758186071,json_best_local_params,0.5146593205424301,0.2,delta_k
deltak12k_2p0mW.csv,2.0,94.0,0.026124238,,0.026808307957837382,0.026808307957837382,0.0006840699578373813,0.0006840699578373813,0,0.0032128904186332265,4,pre0_only,0.18231283765698844,0.18231283765698844,0.5622181968057417,0.9459631411253776,0.16512216612968325,0.32427416738341786,13.195612331912388,10.553748396777891,15.891179465466637,0.10395531901768315,0.007855918758186071,json_best_local_params,0.5146593205424301,0.2,delta_k
deltak12k_2p0mW.csv,2.0,99.0,0.027232468,,0.02663843786234584,0.02663843786234584,-0.0005940301376541578,-0.0005940301376541578,0,0.0032128904186332265,4,pre0_only,0.1806787693178528,0.1806787693178528,0.5595450040487845,0.9464320590233839,0.16439760749552923,0.3229030158619737,12.817516749563259,10.541501720720234,15.116704645908849,0.10395531901768315,0.007855918758186071,json_best_local_params,0.5146593205424301,0.2,delta_k
deltak12k_2p0mW.csv,2.0,104.0,0.027332979,,0.026489942240809285,0.026489942240809285,-0.0008430367591907156,-0.0008430367591907156,0,0.0032128904186332265,4,pre0_only,0.1792503131028197,0.1792503131028197,0.5574171767975241,0.9468847904939858,0.16369512767337965,0.3215729987594739,12.444177564883041,10.52513004144061,14.365855607691106,0.10395531901768315,0.007855918758186071,json_best_local_params,0.5146593205424301,0.2,delta_k
deltak12k_2p5mW.csv,2.5,-16.0,0.041049604,,0.03642928480380378,0.04123858047535438,-0.004620319196196224,0.00018897647535437434,1,0.0048092956715506,4,pre0_only,0.28518802101698076,0.28518802101698076,0.8206570849183368,0.9376756094969236,0.17745810590298702,0.3475118003098209,4.897829234600067,4.897829234600067,4.897829234600067,0.07016696090908581,0.01641850808136575,json_best_local_params,0.5146593205424301,0.2,delta_k
deltak12k_2p5mW.csv,2.5,-11.0,0.041523829,,0.036429751566894666,0.041239047238445264,-0.005094077433105332,-0.0002847817615547338,1,0.0048092956715506,4,pre0_only,0.2851946731946558,0.2851946731946558,0.8206746144437027,0.9376753563972232,0.17745847006249402,0.3475124832367041,4.890671818090261,4.892360565416683,4.8891833603356485,0.07016696090908581,0.01641850808136575,json_best_local_params,0.5146593205424301,0.2,delta_k
deltak12k_2p5mW.csv,2.5,-6.0,0.041234067,,0.036431059881832345,0.04124035555338294,-0.004803007118167654,6.288553382943762e-06,1,0.0048092956715506,4,pre0_only,0.2852133189350546,0.2852133189350546,0.8207234651431105,0.9376746024999226,0.17745955476467076,0.34751451743288664,4.88521721331409,4.886919452739817,4.883701267220051,0.07016696090908581,0.01641850808136575,json_best_local_params,0.5146593205424301,0.2,delta_k
deltak12k_2p5mW.csv,2.5,-1.0,0.041152865,,0.03643308606126681,0.041242381732817406,-0.004719778938733189,8.951673281740874e-05,1,0.0048092956715506,4,pre0_only,0.2852421954804858,0.2852421954804858,0.8207986204951709,0.9376733567425283,0.17746134713780506,0.3475178787561863,4.879823122671738,4.8815114572400935,4.878320984429454,0.07016696090908581,0.01641850808136575,json_best_local_params,0.5146593205424301,0.2,delta_k
deltak12k_2p5mW.csv,2.5,4.0,0.031168744,,0.03625827491947047,0.03625827491947047,0.00508953091947047,0.00508953091947047,0,0.0048092956715506,4,pre0_only,0.28275083573607795,0.28275083573607795,0.8141935198249335,0.937762525890668,0.17733300836286756,0.3472771876112138,334.36844685966247,7.5175242180526824,25.152762343627945,0.07016696090908581,0.01641850808136575,json_best_local_params,0.5146593205424301,0.2,delta_k
deltak12k_2p5mW.csv,2.5,9.0,0.033989921,,0.03554214195476807,0.03554214195476807,0.0015522209547680701,0.0015522209547680701,0,0.0048092956715506,4,pre0_only,0.2725447080169327,0.2725447080169327,0.787044990142592,0.938128032464556,0.17680601215512912,0.3462886003093098,201.7504609895895,9.95421350342342,29.697702303638742,0.07016696090908581,0.01641850808136575,json_best_local_params,0.5146593205424301,0.2,delta_k
deltak12k_2p5mW.csv,2.5,14.0,0.036147699,,0.03449152898133369,0.03449152898133369,-0.00165617001866631,-0.00165617001866631,0,0.0048092956715506,4,pre0_only,0.25757166429631834,0.25757166429631834,0.748835184393601,0.9389831693786101,0.17556713583225633,0.34396309049620477,87.39878318147744,11.1289535394085,30.95057402678221,0.07016696090908581,0.01641850808136575,json_best_local_params,0.5146593205424301,0.2,delta_k
deltak12k_2p5mW.csv,2.5,19.0,0.034465194,,0.03317296183937199,0.03317296183937199,-0.0012922321606280082,-0.0012922321606280082,0,0.0048092956715506,4,pre0_only,0.23877981233524867,0.23877981233524867,0.7097284750379972,0.9417055261818953,0.17156605282567491,0.33643825876151434,22.256661575712396,11.44367488989362,30.51958930714293,0.07016696090908581,0.01641850808136575,json_best_local_params,0.5146593205424301,0.2,delta_k
deltak12k_2p5mW.csv,2.5,24.0,0.031169802,,0.03186515762156803,0.03186515762156803,0.0006953556215680314,0.0006953556215680314,0,0.0048092956715506,4,pre0_only,0.22014135057404374,0.22014135057404374,0.6750734085359982,0.9453353240885202,0.16608748271065793,0.32609986971854593,19.089992246951347,11.522644498271625,29.628986064486057,0.07016696090908581,0.01641850808136575,json_best_local_params,0.5146593205424301,0.2,delta_k
deltak12k_2p5mW.csv,2.5,29.0,0.03133069,,0.0306574522957564,0.0306574522957564,-0.0006732377042436011,-0.0006732377042436011,0,0.0048092956715506,4,pre0_only,0.20292947036483194,0.20292947036483194,0.6449775185170561,0.9492142930375256,0.16003357461903922,0.3146303003419577,19.061127681068562,11.590069768068187,28.741835485296455,0.07016696090908581,0.01641850808136575,json_best_local_params,0.5146593205424301,0.2,delta_k
deltak12k_2p5mW.csv,2.5,34.0,0.028972164,,0.02954622114007914,0.02954622114007914,0.0005740571400791386,0.0005740571400791386,0,0.0048092956715506,4,pre0_only,0.18709251318042344,0.18709251318042344,0.6188173596536372,0.9532005219885769,0.1535726784030435,0.3023388246333981,18.979605266651653,11.650468324143397,27.866852950587216,0.07016696090908581,0.01641850808136575,json_best_local_params,0.5146593205424301,0.2,delta_k
deltak12k_2p5mW.csv,2.5,39.0,0.026348457,,0.028529806526548643,0.028529806526548643,0.002181349526548644,0.002181349526548644,0,0.0048092956715506,4,pre0_only,0.17260685496804268,0.17260685496804268,0.5960570313442554,0.9571534790577259,0.14689458210240774,0.28958110699369105,18.843867562868773,11.704123328369203,27.00309609943948,0.07016696090908581,0.01641850808136575,json_best_local_params,0.5146593205424301,0.2,delta_k
deltak12k_2p5mW.csv,2.5,44.0,0.027104795,,0.02760761336166784,0.02760761336166784,0.0005028183616678401,0.0005028183616678401,0,0.0048092956715506,4,pre0_only,0.15946401462077905,0.15946401462077905,0.5762418279786855,0.9609474063610377,0.1401953255172384,0.2767310647686572,18.66051383370425,11.751278148729575,26.149675517785738,0.07016696090908581,0.01641850808136575,json_best_local_params,0.5146593205424301,0.2,delta_k
deltak12k_2p5mW.csv,2.5,49.0,0.026659742,,0.02677850758612926,0.02677850758612926,0.00011876558612925955,0.00011876558612925955,0,0.0048092956715506,4,pre0_only,0.14764782984098163,0.14764782984098163,0.558985861625838,0.9644856701630744,0.13365357258112665,0.26413517760814315,18.43571650766232,11.792152045112699,25.305794757491128,0.07016696090908581,0.01641850808136575,json_best_local_params,0.5146593205424301,0.2,delta_k
deltak12k_2p5mW.csv,2.5,54.0,0.026326925,,0.026039943937310756,0.026039943937310756,-0.0002869810626892448,-0.0002869810626892448,0,0.0048092956715506,4,pre0_only,0.13712202625408482,0.13712202625408482,0.5439615208695706,0.9677062997650169,0.12741472957083427,0.25208037883797946,18.1751109128029,11.826945103109264,24.47076637958812,0.07016696090908581,0.01641850808136575,json_best_local_params,0.5146593205424301,0.2,delta_k
deltak12k_2p5mW.csv,2.5,59.0,0.026252374,,0.025387759993634365,0.025387759993634365,-0.0008646140063656334,-0.0008646140063656334,0,0.0048092956715506,4,pre0_only,0.12782728218612646,0.12782728218612646,0.5308905084027576,0.9705799690736192,0.1215841886354404,0.2407789933383983,17.883775137768932,11.855842204413287,23.644034216334678,0.07016696090908581,0.01641850808136575,json_best_local_params,0.5146593205424301,0.2,delta_k
deltak12k_2p5mW.csv,2.5,64.0,0.02551499,,0.024816421212641243,0.024816421212641243,-0.0006985687873587582,-0.0006985687873587582,0,0.0048092956715506,4,pre0_only,0.11968472087819983,0.11968472087819983,0.5195362233302429,0.9731034924662726,0.11622811668051855,0.23036838530914583,17.56625882363635,11.879016219377501,22.82520749226296,0.07016696090908581,0.01641850808136575,json_best_local_params,0.5146593205424301,0.2,delta_k
deltak12k_2p5mW.csv,2.5,69.0,0.024932757,,0.024319477361906837,0.024319477361906837,-0.0006132796380931629,-0.0006132796380931629,0,0.0048092956715506,4,pre0_only,0.11260241541283574,0.11260241541283574,0.509697288507462,0.9752918923092427,0.11137892955170713,0.22092017743034792,17.226644016153703,11.896630682329198,22.01410362705633,0.07016696090908581,0.01641850808136575,json_best_local_params,0.5146593205424301,0.2,delta_k
deltak12k_2p5mW.csv,2.5,74.0,0.025123805,,0.023890046685952033,0.023890046685952033,-0.0012337583140479662,-0.0012337583140479662,0,0.0048092956715506,4,pre0_only,0.10648228892608069,0.10648228892608069,0.5012020513220868,0.9771711086666985,0.10704271048198873,0.21245381706878153,16.86863065076267,11.908842257568335,21.210811141673485,0.07016696090908581,0.01641850808136575,json_best_local_params,0.5146593205424301,0.2,delta_k
deltak12k_2p5mW.csv,2.5,79.0,0.023030996,,0.023521223286782154,0.023521223286782154,0.0004902272867821529,0.0004902272867821529,0,0.0048092956715506,4,pre0_only,0.10122592048156794,0.10122592048156794,0.4939039096539523,0.9787723109798648,0.10320663626989664,0.20495063615206172,16.49563797726904,11.915803297300096,20.41576884637142,0.07016696090908581,0.01641850808136575,json_best_local_params,0.5146593205424301,0.2,delta_k
deltak12k_2p5mW.csv,2.5,84.0,0.021554053,,0.02320636916181303,0.02320636916181303,0.0016523161618130291,0.0016523161618130291,0,0.0048092956715506,4,pre0_only,0.09673870711376828,0.09673870711376828,0.48767733453978634,0.980127973608088,0.0998453645600017,0.19836621524569953,16.11092072291332,11.91766477353055,19.62986955413216,0.07016696090908581,0.01641850808136575,json_best_local_params,0.5146593205424301,0.2,delta_k
deltak12k_2p5mW.csv,2.5,89.0,0.023912847,,0.022939293358685837,0.022939293358685837,-0.0009735536413141635,-0.0009735536413141635,0,0.0048092956715506,4,pre0_only,0.09293241709255391,0.09293241709255391,0.4824144781111179,0.9812694619220972,0.09692601323063565,0.19264019076796476,15.717696031726636,11.91457982311188,18.85458912730356,0.07016696090908581,0.01641850808136575,json_best_local_params,0.5146593205424301,0.2,delta_k
deltak12k_2p5mW.csv,2.5,94.0,0.022776604,,0.022714339743708706,0.022714339743708706,-6.226425629129312e-05,-6.226425629129312e-05,0,0.0048092956715506,4,pre0_only,0.08972644077460278,0.08972644077460278,0.4780222703187727,0.9822257407841694,0.09441176904646718,0.18770347397155374,15.319279076216626,11.906708100220433,18.092136321639583,0.07016696090908581,0.01641850808136575,json_best_local_params,0.5146593205424301,0.2,delta_k
deltak12k_2p5mW.csv,2.5,99.0,0.022125393,,0.022526409659948718,0.022526409659948718,0.00040101665994871777,0.00040101665994871777,0,0.0048092956715506,4,pre0_only,0.0870481135202204,0.0870481135202204,0.47441992140303413,0.9830228346823283,0.0922643521234471,0.18348325943562221,14.919221630513118,11.894221049450461,17.345616694508212,0.07016696090908581,0.01641850808136575,json_best_local_params,0.5146593205424301,0.2,delta_k
deltak12k_2p5mW.csv,2.5,104.0,0.020891294,,0.022370943271602366,0.022370943271602366,0.0014796492716023651,0.0014796492716023651,0,0.0048092956715506,4,pre0_only,0.08483244981849922,0.08483244981849922,0.47153675972507625,0.9836837453997578,0.09044561542726434,0.1799063340638803,14.521440423290521,11.877308078689627,16.6191863833287,0.07016696090908581,0.01641850808136575,json_best_local_params,0.5146593205424301,0.2,delta_k
deltak12k_3p0mW.csv,3.0,-16.0,0.034982776,,0.0323281722473491,0.035144052846954196,-0.0026546037526508984,0.00016127684695419614,1,0.0028158805996050962,4,pre0_only,0.2817583318894082,0.2817583318894082,0.8161738574473549,0.9385223347407121,0.1762358051083591,0.345218520929632,5.007903516292572,5.007903516292572,5.007903516292572,0.04385162366543475,0.019972611912734115,fitted_AB_missing_json_local,0.5146593205424301,0.2,delta_k
deltak12k_3p0mW.csv,3.0,-11.0,0.035386914,,0.03232849909170005,0.03514437969130514,-0.0030584149082999515,-0.00024253430869485698,1,0.0028158805996050962,4,pre0_only,0.28176578530443863,0.28176578530443863,0.8161936453981593,0.9385220543134285,0.17623621126700487,0.3452192833074391,4.999771844802284,5.001763700235583,4.9979929610650435,0.04385162366543475,0.019972611912734115,fitted_AB_missing_json_local,0.5146593205424301,0.2,delta_k
deltak12k_3p0mW.csv,3.0,-6.0,0.035139977,,0.032329415238681776,0.03514529583828687,-0.002810561761318227,5.318838286867689e-06,1,0.0028158805996050962,4,pre0_only,0.28178667727844453,0.28178667727844453,0.8162487933007084,0.9385212188925872,0.17623742124879552,0.3452215544956199,4.99363757945167,4.995654115986524,4.991813122895331,0.04385162366543475,0.019972611912734115,fitted_AB_missing_json_local,0.5146593205424301,0.2,delta_k
deltak12k_3p0mW.csv,3.0,-1.0,0.035070776,,0.03233083402384869,0.035146714623453784,-0.0027399419761513083,7.593862345378621e-05,1,0.0028158805996050962,4,pre0_only,0.2818190315004396,0.2818190315004396,0.816333638049484,0.9385198382681297,0.17623942085880584,0.34522530784570765,4.987581713769352,4.98958168001484,4.9857738384363195,0.04385162366543475,0.019972611912734115,fitted_AB_missing_json_local,0.5146593205424301,0.2,delta_k
deltak12k_3p0mW.csv,3.0,4.0,0.021594668,,0.032211438746749144,0.032211438746749144,0.010616770746749143,0.010616770746749143,0,0.0028158805996050962,4,pre0_only,0.27909632097983317,0.27909632097983317,0.8090577852007133,0.938615684294913,0.176100551801665,0.34496463180388803,375.5515784579175,7.873590376508435,25.88713074170236,0.04385162366543475,0.019972611912734115,fitted_AB_missing_json_local,0.5146593205424301,0.2,delta_k
deltak12k_3p0mW.csv,3.0,9.0,0.030005616,,0.03170637475401409,0.03170637475401409,0.0017007587540140909,0.0017007587540140909,0,0.0028158805996050962,4,pre0_only,0.267578754456221,0.267578754456221,0.7782598454153429,0.9390367707268725,0.17548920195483636,0.343816729120104,242.2868388144924,10.648458172753802,30.83734336445434,0.04385162366543475,0.019972611912734115,fitted_AB_missing_json_local,0.5146593205424301,0.2,delta_k
deltak12k_3p0mW.csv,3.0,14.0,0.028225856,,0.030309224777483147,0.030309224777483147,0.002083368777483146,0.002083368777483146,0,0.0028158805996050962,4,pre0_only,0.23571790507945728,0.23571790507945728,0.7327484865863063,0.9468450268598665,0.16375694318336123,0.32169006063405003,125.64798629027293,12.12875511023811,32.48523573410923,0.04385162366543475,0.019972611912734115,fitted_AB_missing_json_local,0.5146593205424301,0.2,delta_k
deltak12k_3p0mW.csv,3.0,19.0,0.027228208,,0.026282026983678264,0.026282026983678264,-0.0009461810163217364,-0.0009461810163217364,0,0.0028158805996050962,4,pre0_only,0.14388099102285765,0.14388099102285765,0.6834640910450601,0.977590139695115,0.10605202599004401,0.21051726478102814,40.090874723673494,12.648027349831425,32.39767703513379,0.04385162366543475,0.019972611912734115,fitted_AB_missing_json_local,0.5146593205424301,0.2,delta_k
deltak12k_3p0mW.csv,3.0,24.0,0.024081325,,0.024090274768852546,0.024090274768852546,8.949768852545281e-06,8.949768852545281e-06,0,0.0028158805996050962,4,pre0_only,0.09389989496247785,0.09389989496247785,0.638450722395509,0.9891254001732991,0.07380503597169089,0.14707461620555345,21.192678385684616,12.759732959914537,31.521612291463605,0.04385162366543475,0.019972611912734115,fitted_AB_missing_json_local,0.5146593205424301,0.2,delta_k
deltak12k_3p0mW.csv,3.0,29.0,0.027472385,,0.023036961445855375,0.023036961445855375,-0.004435423554144623,-0.004435423554144623,0,0.0028158805996050962,4,pre0_only,0.06987995601943194,0.06987995601943194,0.5992800209816967,0.9931781915486297,0.058436199270880944,0.11660651710857921,21.033153648564568,12.829076354968848,30.585635262759638,0.04385162366543475,0.019972611912734115,fitted_AB_missing_json_local,0.5146593205424301,0.2,delta_k
deltak12k_3p0mW.csv,3.0,34.0,0.028450069,,0.022393931932848884,0.022393931932848884,-0.006056137067151118,-0.006056137067151118,0,0.0028158805996050962,4,pre0_only,0.05521619994251958,0.05521619994251958,0.5652539824083653,0.9952174940001489,0.048919949558425845,0.09768387602907479,21.015736676712926,12.889460665034857,29.666527973328186,0.04385162366543475,0.019972611912734115,fitted_AB_missing_json_local,0.5146593205424301,0.2,delta_k
deltak12k_3p0mW.csv,3.0,39.0,0.026345588,,0.021949591796692574,0.021949591796692574,-0.004395996203307426,-0.004395996203307426,0,0.0028158805996050962,4,pre0_only,0.0450833907323887,0.0450833907323887,0.5356850947346827,0.9964522329541406,0.04212995850899186,0.0841602485779782,20.925307070546836,12.941795098832543,28.7641242329695,0.04385162366543475,0.019972611912734115,fitted_AB_missing_json_local,0.5146593205424301,0.2,delta_k
deltak12k_3p0mW.csv,3.0,44.0,0.020522187,,0.021620129389348014,0.021620129389348014,0.0010979423893480132,0.0010979423893480132,0,0.0028158805996050962,4,pre0_only,0.03757027309145054,0.03757027309145054,0.5099865510482607,0.9972827367901991,0.036867971796848115,0.07366914483181188,20.76929954747791,12.986634656618524,27.877543352376048,0.04385162366543475,0.019972611912734115,fitted_AB_missing_json_local,0.5146593205424301,0.2,delta_k
deltak12k_3p0mW.csv,3.0,49.0,0.023313734,,0.021364901789349636,0.021364901789349636,-0.0019488322106503628,-0.0019488322106503628,0,0.0028158805996050962,4,pre0_only,0.031750018818869144,0.031750018818869144,0.4876580018625145,0.9978782791747687,0.0325766137991313,0.06510714209057607,20.556433838250335,13.024445466260234,27.005932800019792,0.04385162366543475,0.019972611912734115,fitted_AB_missing_json_local,0.5146593205424301,0.2,delta_k
deltak12k_3p0mW.csv,3.0,54.0,0.021475789,,0.02116153674187723,0.02116153674187723,-0.0003142522581227672,-0.0003142522581227672,0,0.0028158805996050962,4,pre0_only,0.02711244715164934,0.02711244715164934,0.4682727705850575,0.9983224554649319,0.02896561557210814,0.05789883344652988,20.29493015881714,13.055621847615352,26.148504006100293,0.04385162366543475,0.019972611912734115,fitted_AB_missing_json_local,0.5146593205424301,0.2,delta_k
deltak12k_3p0mW.csv,3.0,59.0,0.015305772,,0.020996557909604377,0.020996557909604377,0.0056907859096043765,0.0056907859096043765,0,0.0028158805996050962,4,pre0_only,0.023350241365803045,0.023350241365803045,0.45146688926701806,0.9986615822901231,0.025871957568088706,0.05172082808489783,19.992321214865058,13.080500918846555,25.3045654855001,0.04385162366543475,0.019972611912734115,fitted_AB_missing_json_local,0.5146593205424301,0.2,delta_k
deltak12k_3p0mW.csv,3.0,64.0,0.020541901,,0.0208612571967743,0.0208612571967743,0.00031935619677429805,0.00031935619677429805,0,0.0028158805996050962,4,pre0_only,0.020264820541654058,0.020264820541654058,0.43692968317100694,0.9989238664503839,0.023198347091901852,0.0463800499764232,19.655386749050166,13.09937521841223,24.47355599070504,0.04385162366543475,0.019972611912734115,fitted_AB_missing_json_local,0.5146593205424301,0.2,delta_k
deltak12k_3p0mW.csv,3.0,69.0,0.017417511,,0.020749671314145037,0.020749671314145037,0.003332160314145037,0.003332160314145037,0,0.0028158805996050962,4,pre0_only,0.017720196801365502,0.017720196801365502,0.4243956838800099,0.9991279235083809,0.02088304664082114,0.041753951499599984,19.290166291313874,13.11250317383026,23.65508184357285,0.04385162366543475,0.019972611912734115,fitted_AB_missing_json_local,0.5146593205424301,0.2,delta_k
deltak12k_3p0mW.csv,3.0,74.0,0.017897205,,0.02065751030208161,0.02065751030208161,0.002760305302081611,0.002760305302081611,0,0.0028158805996050962,4,pre0_only,0.0156185411644713,0.0156185411644713,0.41363768846562343,0.999286875079756,0.018883983878203555,0.037758989569852325,18.9020263760959,13.120117673869673,22.84896387067906,0.04385162366543475,0.019972611912734115,fitted_AB_missing_json_local,0.5146593205424301,0.2,delta_k
deltak12k_3p0mW.csv,3.0,79.0,0.017295758,,0.020581557590949647,0.020581557590949647,0.003285799590949646,0.003285799590949646,0,0.0028158805996050962,4,pre0_only,0.01388650242147185,0.01388650242147185,0.4044608092222499,0.9994104360757141,0.017170059177710868,0.03433336952515778,18.495760487298696,13.12243315319511,22.055289819935822,0.04385162366543475,0.019972611912734115,fitted_AB_missing_json_local,0.5146593205424301,0.2,delta_k
deltak12k_3p0mW.csv,3.0,84.0,0.018958995,,0.020519320585340034,0.020519320585340034,0.0015603255853400347,0.0015603255853400347,0,0.0028158805996050962,4,pre0_only,0.012467238996143546,0.012467238996143546,0.39669737906371055,0.9995060315751783,0.01571637836218886,0.0314275809574766,18.0757101044442,13.119651622559024,21.27448278842736,0.04385162366543475,0.019972611912734115,fitted_AB_missing_json_local,0.5146593205424301,0.2,delta_k
deltak12k_3p0mW.csv,3.0,89.0,0.023565,,0.02046882137277634,0.02046882137277634,-0.00309617862722366,-0.00309617862722366,0,0.0028158805996050962,4,pre0_only,0.011315646230754102,0.011315646230754102,0.390202594402792,0.9995794285795467,0.014501739616563643,0.028999413107626267,17.6458952160489,13.111968023322632,20.5073770955802,0.04385162366543475,0.019972611912734115,fitted_AB_missing_json_local,0.5146593205424301,0.2,delta_k
deltak12k_3p5mW.csv,3.5,-11.0,0.033565992,,0.031877960821157805,0.03367379529781306,-0.0016880311788421976,0.00010780329781305553,1,0.0017958344766552507,3,pre0_only,0.27863572348260623,0.27863572348260623,0.8120728886224424,0.9392928027189695,0.17511648461338578,0.34311664308270307,5.108064353466034,5.108064353466034,5.108064353466034,0.0406271231476757,0.020557792969888244,fitted_AB_missing_json_local,0.5146593205424301,0.2,delta_k
deltak12k_3p5mW.csv,3.5,-6.0,0.033806562,,0.03187829313144598,0.033674127608101234,-0.0019282688685540172,-0.00013243439189876416,1,0.0017958344766552507,3,pre0_only,0.2786439030006826,0.2786439030006826,0.8120947540227139,0.9392924981328132,0.17511692846505006,0.3431174768959153,5.0990258829207,5.101313719016368,5.096961183491571,0.0406271231476757,0.020557792969888244,fitted_AB_missing_json_local,0.5146593205424301,0.2,delta_k
deltak12k_3p5mW.csv,3.5,-1.0,0.033650428,,0.031879224617430466,0.03367505909408572,-0.0017712033825695375,2.4631094085715566e-05,1,0.0017958344766552507,3,pre0_only,0.27866683068820547,0.27866683068820547,0.8121556952976368,0.9392915906156805,0.17511825091859506,0.3431199612361031,5.092268669041979,5.094595571597536,5.090135581194016,0.0406271231476757,0.020557792969888244,fitted_AB_missing_json_local,0.5146593205424301,0.2,delta_k
deltak12k_3p5mW.csv,3.5,4.0,0.030691504,,0.031759644829574885,0.031759644829574885,0.0010681408295748832,0.0010681408295748832,0,0.0017958344766552507,3,pre0_only,0.2757234820434856,0.2757234820434856,0.8042336116405747,0.9393937983010068,0.17496925143659736,0.34284003808424635,413.4643897624145,8.201159397309404,26.520933281149187,0.0406271231476757,0.020557792969888244,fitted_AB_missing_json_local,0.5146593205424301,0.2,delta_k
deltak12k_3p5mW.csv,3.5,9.0,0.027721331,,0.0312278478544535,0.0312278478544535,0.003506516854453502,0.003506516854453502,0,0.0017958344766552507,3,pre0_only,0.2626337790588969,0.2626337790588969,0.7699091637430402,0.9400186433167307,0.17405568631484683,0.34112307195053965,279.79199526844934,11.280479470924792,31.81200945646645,0.0406271231476757,0.020557792969888244,fitted_AB_missing_json_local,0.5146593205424301,0.2,delta_k
deltak12k_3p5mW.csv,3.5,14.0,0.023404375,,0.026746408261485194,0.026746408261485194,0.0033420332614851923,0.0033420332614851923,0,0.0017958344766552507,3,pre0_only,0.15232718470126289,0.15232718470126289,0.7170282711026762,0.9771735975587084,0.10703685283466166,0.2124423692067368,162.1999689413959,12.976804244332895,33.7794067983943,0.0406271231476757,0.020557792969888244,fitted_AB_missing_json_local,0.5146593205424301,0.2,delta_k
deltak12k_3p5mW.csv,3.5,19.0,0.026302218,,0.02280724174046743,0.02280724174046743,-0.0034949762595325694,-0.0034949762595325694,0,0.0017958344766552507,3,pre0_only,0.055368153004648,0.055368153004648,0.6570439221818304,0.9964430780472047,0.042184313261939686,0.08426857191036524,68.61691594758062,13.681200786861524,34.04196258371341,0.0406271231476757,0.020557792969888244,fitted_AB_missing_json_local,0.5146593205424301,0.2,delta_k
deltak12k_3p5mW.csv,3.5,24.0,0.02215986,,0.021530368701418674,0.021530368701418674,-0.0006294912985813257,-0.0006294912985813257,0,0.0017958344766552507,3,pre0_only,0.023939074592980926,0.023939074592980926,0.5994669002914156,0.9992023221153515,0.01997228023470086,0.039933938940321066,25.5241566007909,13.878815377527483,33.33198720518893,0.0406271231476757,0.020557792969888244,fitted_AB_missing_json_local,0.5146593205424301,0.2,delta_k
deltak12k_3p5mW.csv,3.5,29.0,0.023804769,,0.020993058373455265,0.020993058373455265,-0.0028117106265447347,-0.0028117106265447347,0,0.0017958344766552507,3,pre0_only,0.010713665399956373,0.010713665399956373,0.5486325579706516,0.9998093115372033,0.009764592245792264,0.019527943145746532,23.063357947335845,13.954941124036855,32.39771457299881,0.0406271231476757,0.020557792969888244,fitted_AB_missing_json_local,0.5146593205424301,0.2,delta_k
deltak12k_3p5mW.csv,3.5,34.0,0.018606678,,0.020748403560304222,0.020748403560304222,0.0021417255603042203,0.0021417255603042203,0,0.0017958344766552507,3,pre0_only,0.0046917077963686,0.0046917077963686,0.5042862081601319,0.9999567200118428,0.004651897481337142,0.00930366073957507,23.1361765643828,14.01711239426652,31.479061983802026,0.0406271231476757,0.020557792969888244,fitted_AB_missing_json_local,0.5146593205424301,0.2,delta_k
deltak12k_3p5mW.csv,3.5,39.0,0.017844275,,0.020638365224685186,0.020638365224685186,0.002794090224685186,0.002794090224685186,0,0.0017958344766552507,3,pre0_only,0.0019832133942654672,0.0019832133942654672,0.4656077893454761,0.9999909286819592,0.002129710280257124,0.004259407680986934,23.147649075994536,14.069504911922971,30.583582799481587,0.0406271231476757,0.020557792969888244,fitted_AB_missing_json_local,0.5146593205424301,0.2,delta_k
deltak12k_3p5mW.csv,3.5,44.0,0.019669265,,0.02059074489724969,0.02059074489724969,0.0009214798972496906,0.0009214798972496906,0,0.0017958344766552507,3,pre0_only,0.0008110819769755295,0.0008110819769755295,0.43188683201214534,0.9999982365629396,0.0009389988228641602,0.0018779965418179746,23.07019124881335,14.112992471219707,29.70994902596832,0.0406271231476757,0.020557792969888244,fitted_AB_missing_json_local,0.5146593205424301,0.2,delta_k
deltak12k_3p5mW.csv,3.5,49.0,0.02439329,,0.020570909434640967,0.020570909434640967,-0.003822380565359034,-0.003822380565359034,0,0.0017958344766552507,3,pre0_only,0.0003228499518670202,0.0003228499518670202,0.40251725929959936,0.99999967833596,0.0004010386871922049,0.0008020772883845917,22.914282549738683,14.14835739671551,28.856744498655726,0.0406271231476757,0.020557792969888244,fitted_AB_missing_json_local,0.5146593205424301,0.2,delta_k
deltak12k_3p5mW.csv,3.5,54.0,0.018190831,,0.02056290655223067,0.02056290655223067,0.0023720755522306687,0.0023720755522306687,0,0.0017958344766552507,3,pre0_only,0.00012586621808882684,0.00012586621808882684,0.3769804629916941,0.9999999442620879,0.00016693997804086044,0.0003338799498784636,22.691125626772262,14.176309445247108,28.02263849281417,0.0406271231476757,0.020557792969888244,fitted_AB_missing_json_local,0.5146593205424301,0.2,delta_k
deltak12k_4p0mW.csv,4.0,-6.0,0.029987659,,0.025904523039158148,0.030025248604156146,-0.004083135960841852,3.758960415614632e-05,1,0.004120725564997997,2,pre0_only,0.27576116398129646,0.27576116398129646,0.8082813169188183,0.9400016899292286,0.17408053398443507,0.34116978607460896,5.200219690799713,5.200219690799713,5.200219690799713,0.028806237036655004,0.017960881584009034,fitted_AB_missing_json_local,0.5146593205424301,0.2,delta_k
deltak12k_4p0mW.csv,4.0,-1.0,0.030063093,,0.025904777830845858,0.030025503395843853,-0.004158315169154141,-3.758960415614632e-05,1,0.004120725564997997,2,pre0_only,0.275770008999387,0.275770008999387,0.8083051130200362,0.9400013637117326,0.1740810120705371,0.34117068487794067,5.190329572966594,5.192906965221402,5.187983925841381,0.028806237036655004,0.017960881584009034,fitted_AB_missing_json_local,0.5146593205424301,0.2,delta_k
deltak12k_4p0mW.csv,4.0,4.0,0.018013135,,0.025813996971294856,0.025813996971294856,0.007800861971294856,0.007800861971294856,0,0.004120725564997997,2,pre0_only,0.2726185783062532,0.2726185783062532,0.7997659049484523,0.9401093655481682,0.17392266174360113,0.3408729687267981,448.7675471461524,8.50285060105535,27.080166264110204,0.028806237036655004,0.017960881584009034,fitted_AB_missing_json_local,0.5146593205424301,0.2,delta_k
deltak12k_4p0mW.csv,4.0,9.0,0.024918541,,0.025336293958663936,0.025336293958663936,0.00041775295866393683,0.00041775295866393683,0,0.004120725564997997,2,pre0_only,0.2560352594915444,0.2560352594915444,0.761994596039354,0.941859609568901,0.17133691378408464,0.33600666044398186,314.81392343391985,11.858958166366927,32.66493818163721,0.028806237036655004,0.017960881584009034,fitted_AB_missing_json_local,0.5146593205424301,0.2,delta_k
deltak12k_4p0mW.csv,4.0,14.0,0.020201311,,0.020479713644745882,0.020479713644745882,0.0002784026447458822,0.0002784026447458822,0,0.004120725564997997,2,pre0_only,0.08744051010660354,0.08744051010660354,0.70162537010976,0.9922038349540001,0.0624752598657989,0.1246256390257448,196.88001116749177,13.729746924432833,34.91323956053348,0.028806237036655004,0.017960881584009034,fitted_AB_missing_json_local,0.5146593205424301,0.2,delta_k
deltak12k_4p0mW.csv,4.0,19.0,0.017982259,,0.018628046696124976,0.018628046696124976,0.0006457876961249755,0.0006457876961249755,0,0.004120725564997997,2,pre0_only,0.023160439569631965,0.023160439569631965,0.6277278042402763,0.9993191228735456,0.018452024361794557,0.03689567263578914,100.45786038428508,14.607790781840347,35.51052603200728,0.028806237036655004,0.017960881584009034,fitted_AB_missing_json_local,0.5146593205424301,0.2,delta_k
deltak12k_4p0mW.csv,4.0,24.0,0.018030211,,0.01810693610055797,0.01810693610055797,7.672510055796791e-05,7.672510055796791e-05,0,0.004120725564997997,2,pre0_only,0.005070239350008979,0.005070239350008979,0.5496424489593901,0.9999574523444609,0.004612372342933702,0.009224613855076521,38.97048104401769,14.883322355075592,35.08261424032705,0.028806237036655004,0.017960881584009034,fitted_AB_missing_json_local,0.5146593205424301,0.2,delta_k
deltak12k_4p0mW.csv,4.0,29.0,0.018501699,,0.017989695920620666,0.017989695920620666,-0.0005120030793793334,-0.0005120030793793334,0,0.004120725564997997,2,pre0_only,0.0010002811743501634,0.0010002811743501634,0.47599699967712467,0.9999977919635221,0.0010507229155314274,0.0021014442843729432,25.865504474043817,14.954443288522661,34.2187487800346,0.028806237036655004,0.017960881584009034,fitted_AB_missing_json_local,0.5146593205424301,0.2,delta_k
deltak12k_4p0mW.csv,4.0,34.0,0.018432379,,0.01796630283798763,0.01796630283798763,-0.0004660761620123681,-0.0004660761620123681,0,0.004120725564997997,2,pre0_only,0.00018819722866608062,0.00018819722866608062,0.4087233807719275,0.9999998939922757,0.00023022567850261688,0.0004604513407347668,25.679374139547182,14.99613790742654,33.325781237248,0.028806237036655004,0.017960881584009034,fitted_AB_missing_json_local,0.5146593205424301,0.2,delta_k
